영화 제목,review,rating,date
히트맨2,평점 알바들 대단하십니다,2,2025.01.22. 19:52
히트맨2,1편보다 많이 재미없고 유치함. 유머도 전혀 웃기지 않고 액션은 마지막 장면이 전부인데 그것도 많이 약함. 1편을 재밌게 본 아쉬움에 5점 줬다가 평점 알바가 많은 것 같아 3점으로 낮춤,3,2025.01.22. 14:44
히트맨2,이이경이랑 김성오 레전드.,10,2025.01.22. 11:28
히트맨2,이 영화를 재밌다고 하시는 분들 저는 이해가 잘 ㅜㅜ 제가 이상한가봐요. 전 한번도 못 웃음. 코미디 영화 맞아요?,5,2025.01.22. 15:29
히트맨2,영화보면서 한 번도 안 웃은 적 처음이예요…,1,2025.01.22. 21:17
히트맨2,"모든 걸 내려놓고 그냥 나사 빠진 듯 보고 나오면 됩니다. 영화 속 웹툰, <암살요원 준 시즌2> 1화를 본 독자의 심정을 여실히 느끼게 해 줍니다.",4,2025.01.22. 18:32
히트맨2,생각보다 별로였습니다..,1,2025.01.22. 19:02
히트맨2,만들지 말아야 할것이 또 나왔다,1,2025.01.22. 21:51
히트맨2,너무 재미있게 봤습니다 ㅋㅋㅋ 1보다 더 재밌어요! 설연휴에 부모님 모시고 또 보러 가려고요 가족영화로는 히트맨이 제격입니다! 단체관람 아주 추천합니다 요즘 같은 시국에 꼭 필요한 영화같아요 머리 비우고 크게 웃고나니 분위기도 훈훈하고 기분 좋았습니다,10,2025.01.22. 10:54
히트맨2,권상우의 코믹연기는 진짜 봐도봐도 질리지 않음정준호랑 이이경까지 라인업 튼튼하니 명절에 가족들이랑 보기 좋음,10,2025.01.22. 10:53
히트맨2,어수선한 시국에 잠시라도 시원하게 웃게해주는 영화였읍니다. 3탄이 너무기대됩니다.,10,2025.01.22. 11:37
히트맨2,정도껏 유치해야지 바보들의 행진,4,2025.01.22. 17:34
히트맨2,개웃김 ㅠㅠ 소재 자체가 신선해서 ㄹㅇ 질리지가 않는다 설날에 가족이랑 다시 볼거임 ㅠㅜ 일부러 개봉하자마자 봤는데 아침부터 웃어서 기분 좋음 ㅎㅎ 이 조합 추천이요!!,10,2025.01.22. 11:04
히트맨2,영화 보는데 진짜 너무 웃겨서 눈물났어요ㅋㅋㅋㅋ 부모님 모시고 다시 보러오려고요ㅋㅋㅋ 요새 웃을 일이 없었는데 영화 덕분에 행복해졌네요. 재밌고 좋은 영화 감사합니다!!ㅎㅎ,10,2025.01.22. 10:52
히트맨2,이게 재밌다고? 진짜? 극한직업 1/10임. 개그를 해본 적 없는 배우들이 억지로 꽁트짜고 하니까 스토리 연기 다 싹 개판. 그냥 원래 하던 정극쪽으로 하면 더 나았을수도 있겠다. 좋은 배우 갖다가 개 준 꼴. 설에 가족하고 같이 보기 딱 좋음. 시간 날렸다고 쳐 싸우기에 딱 좋음. 이거 볼 시간에 밖에서 ...,2,2025.01.22. 19:21
히트맨2,진짜 쉽지 않은 관람 이었다,5,2025.01.23. 08:45
히트맨2,아놔 진짜 최악이다 아직도 한국에 이런 영화가 나어다니….,1,2025.01.23. 06:19
히트맨2,1편의 장점은 퇴색되고 단점만 부각된 느낌..,4,2025.01.23. 00:15
히트맨2,방향성과 주제를 잊은 속편은 관람 내내 웃음보다 한숨만 나온다.,4,2025.01.22. 22:53
히트맨2,생각보다 심심해서 아쉽네요,6,2025.01.22. 14:26
히트맨2,시절이 하 수상하여 머리가 복잡할 때 아무생각없이 즐겁게 웃으며 관람할 수 있는 영화였습니다. 가족들과 즐거워야 할 명절에 함께 크게 웃으며 감상하는데 추천합니다.,10,2025.01.22. 11:07
히트맨2,1편이 의외로 재밌었어서 기대했는데... 3편은 안나오겠네요,5,2025.01.22. 22:19
히트맨2,하아...어이가 없어서 웃기네...너무 황당한데? 무릅을 꿇고 홍보한 이유가 잇엇네...아놔...이영화에 별점 3개이상 준 사람들 진짜 알바로 보면 된다...제발 믿지마라...화가 나네..,1,2025.01.22. 15:37
히트맨2,아 왜봤을까요 ㅜ 돌아가고싶다,2,2025.01.22. 22:21
히트맨2,1편 안봤지만 2편 너무 재밌게봤어요! ㅎㅎ 시간 순삭됨 ㅋ ㅋ 설날에 연휴도긴데 가족들한테 추천하려고오 ~ 연기가 다들 미쳤어요,10,2025.01.22. 11:05
히트맨2,요즘 코믹 영화가 별로 없어서 아쉬웠는데 킬링타임용으로 제대로네욬ㅋㅋㅋ다른 배우들 연기도 좋았지만 이이경 배우 코믹연기에 빠져버려 ㅋㅋㅋ영화관가서 웃음 참느라 힘들었습니다 추천추천,10,2025.01.22. 10:59
히트맨2,오랜만에 재밌는 영화보고 한참 웃었어요 ㅋㅋㅋㅋ,10,2025.01.22. 11:03
히트맨2,웃길거라고 생각은 했는데 생각보다 더 웃김ㅋㅋㅋ배우들 케미 너무 좋고 누구나 부담없이 보기 좋을듯,10,2025.01.22. 11:13
히트맨2,히트맨 1도 보았지만 그보다 더 재밌습니다. 설연휴에 가족들과 함께 웃으면서 보기 좋은 영화라고 생각합니다,10,2025.01.22. 11:35
히트맨2,1을 재밌게 봐서 기대하고 봤는데 기대만큼 재미있었어요ㅋㅋ명절에 부모님도 예매해드리려구요!가볍게 웃으면서 보기 좋네요 ㅋㅋ,10,2025.01.22. 11:25
히트맨2,권상우 배우 역시 이런 코믹 액션 너무도 잘하고 왕의 귀환이라는 말이 딱 어울린다! 히트맨1팀이 그대로 나와서 더 몰입되고 웃겼던ㅋㅋㅋ 훌쩍 커버린 가영이ㅜㅋㅋㅋ 힘들때는 역시 이런 웃긴 영화를 봐줘야함ㅜㅜb,10,2025.01.22. 11:30
히트맨2,이이경님이 진짜 너무 찰지게 욕하고 다른 배우분들도 다 웃겼는데 이이경님이 진짜 기억에 남아요ㅋㅋㅋㅋ 영화관에서 단체로 빵터지기 힘든데 진짜 영화관에 있던 사람들 거의 다 빵터졌음 ㅋㅋㅋㅋ 가벼운 마음으로 웃으면서 볼 수 있던 영화,10,2025.01.22. 11:36
히트맨2,유튜브나와서 홍보를 엄청하면 확실히 쫄려서 홍보 엄청 하는게 맞는거같다 1편보다 재미없음 아쉽다,4,2025.01.22. 15:10
히트맨2,인간병기였던 웹툰작가인데 그냥 바보아저씨느낌이난다 진지함이라곤 전혀없어서 캐릭터설정을 잘못한 느낌이다 일본만화인 시티헌터 사에바료처럼 개그캐였다가도 진지함이있어야하는데 전혀 공감되지 않은 웃음만 전달하려는 느낌이다유튜브에나와서 홍보하길래 기대했는데 아쉬움이 많이남는다,2,2025.01.23. 10:07
히트맨2,진짜 이이경 권상우 미쳤냐고 ㅈㄴ웃었습니다ㅋㅋㅋ범죄도시 이후로 이렇게 웃은거처음입니다ㅋㅋ뭐라해야할까 그 잠들기전에 계속 웃음나오는 장면들 많습니다 연초 스트레스 확풀리네,10,2025.01.22. 11:20
히트맨2,아무 생각없이 본다면 추천.하지만 뻔한 유치함에 유쾌하진 않네요.딕션이 안좋은 배우가 부부로 나오니 두 사람이 같이 나오면 발음이 뭉개져 신경이 쓰였어요.,5,2025.01.22. 21:02
히트맨2,5년전이나 5년뒤인 지금이나 단 1도 안 웃긴건 여전한 클라스,1,2025.01.22. 20:38
히트맨2,권상우는 나이먹어도 러블리함ㅋㅋㅋ그냥 잘됐으면 좋겠음ㅋㅋㅋ,7,2025.01.22. 11:44
히트맨2,"유치하면서 재밌는 영화도 있는데, 이건 그냥 유치하기만 한 듯. 관객들이 꽤 들어 차 있었는데 상영관은 고요의 바다. 다만 황우슬혜와 딸 역할 아역 배우의 연기는 인상 깊었고, 권상우의 대사는 잘 들리지 않아서 자막이 필요해 보임",4,2025.01.22. 21:22
히트맨2,출연배우들 다 너무 좋아하는 배우들이라 기대하고 봤는데 역시나 재밌네요+!! 황우슬혜 배우님 출연하는 영화 오랜만에 봤는데 연기 정말 잘하십니당,10,2025.01.22. 11:11
히트맨2,코미디 영화를 엄청 좋아하는데이제 쫌 개그수준을 올려도 되지 않을까너무 옛날에 머무른 느낌이다,4,2025.01.22. 17:20
히트맨2,개인적으로 히트맨1 보다 훨씬재밌었습니다 기존에 캐릭터도 잘 살리고 영상미 타격감 전부다 훌륭하더라구요 너무 재밌게잘봤고 시사회에서 이미 관람했지만 한번 더 보려고합니다 요즘 어지러운 우리나라를 잠시 잊게 해주고 웃을 수 있게 해주었던 영화같아요,10,2025.01.22. 10:42
히트맨2,애니 신경쓰느라 실사 스토리가 빈약하네요,6,2025.01.23. 01:57
히트맨2,1편보다 많이 아쉽다 억지로 웃어라 하는데 안쓰러움,4,2025.01.22. 20:49
히트맨2,진짜 히트맨1 보면서도 엄청 웃었는데 ㅋㅋ 미친듯이 웃으면서 봄 ㅋㅋ 2 나오면 보통 1보다 아쉽던데 어케 했누 ㅋㅋ,10,2025.01.22. 10:44
히트맨2,욕설이 많은데 욕 대사가 거의 안 웃겨서 좀 아쉬웠어요,4,2025.01.22. 20:53
히트맨2,전편보다도 못한 속편.,5,2025.01.22. 21:54
히트맨2,재밌어서 생각보다 많이 웃고 나왔음전작 안보신분들도 볼 수 있을 것 같아오아무생각 없이 웃고 싶으면 추천ㄱㄱ,10,2025.01.22. 10:42
히트맨2,전편도 재밌었지만 후속편을 더 재미있게 보았어요 몰입감 최고 입니다 설에 가족과 함께 즐기는 영화로 추천드려요,10,2025.01.22. 10:26
히트맨2,히트맨2 ~~ 기대보다 더 재밌네요^^ 배우들 케미 보는 재미도 있어서 시간 가는줄 몰랐어요~ 간만에 많이 웃었네요^^ 설 연휴 영화로 추천합니다!,10,2025.01.22. 10:40
히트맨2,시즌1도 재미있었는데 2도 배우들의 액션과 코믹연기가 인상적었어요 국정원 차장님 이순원 배우님 많이 나오시지는 않는데 나오실 때마다 크게 웃었네요,10,2025.01.22. 12:57
히트맨2,영화관에서 재미 없으면 숙면하는 사람인데요시간 가는줄 모르고몰입해서 봤어요3편도 만들어주세요,10,2025.01.22. 11:18
히트맨2,재미있게 시간가는줄모르고 모르고 관람했어요연기천재들만 나와서 더 몰입해서봤어요히트맨3도 얼른 나왔으면좋겠어요,10,2025.01.22. 11:24
히트맨2,전작에 비해 많이 아쉬움 후반부에 들어서 잠시 볼만하려다 끝남...,5,2025.01.23. 15:46
히트맨2,외계에서온 우뢰매 2025ver.,5,2025.01.23. 07:14
히트맨2,안보 의식 철저한 멸공맨,3,2025.01.22. 12:52
히트맨2,1도 재밌게 봣는데 2는 진짜 더 재미짐 ㅋㅋㅋㅋ 계속 웃다 나왔네여 ㅋㅋㅋㅋ 설날에 가족들이랑 한번 더 볼예정ㅋㅋㅋ,10,2025.01.22. 10:44
히트맨2,전편에서 나아진게 없다,5,2025.01.22. 19:42
히트맨2,1편부터 느낀건데.. 3편이 나온다면 제발 각본 교체해주세요... 대사 진짜 유치지존이시다. 웹툰 영상화는 인상적.,6,2025.01.22. 15:25
히트맨2,"웃음타율 제로, 거의 1시간가량 스토리는 없음, 이렇게 만들어놓고 ""히트""치기를 바라는건 안될것같아요. 한국영화 계속 이렇게 만들면 안되죠.",1,2025.01.23. 16:40
히트맨2,코미디 영화인데 한번도 안웃은게 레전드,1,2025.01.23. 13:24
히트맨2,1보다 모든게 별로임 ㅜㅜ,5,2025.01.23. 15:25
히트맨2,모든게 너무 과함... 재미도 감동도 없다,6,2025.01.23. 03:41
히트맨2,아니 진짜 '영화 내내 범접 불가한 바보미를 뽐낸다'는 후기가 완벽하게 인정될 정도로 재밋엇음ㅋㅋ2탄이라 기대는 살짝 덜햇는데 이번편은 악당이 맘에 쏙듬..설날 연휴 긴데 보는 사람 많겟다ㅋㅋㅋ,10,2025.01.22. 11:15
히트맨2,극장에서 단체로 웃음 빵빵 터지는 영화가 오랜만이라 더 재밌게 봤습니다 :) 이렇게 보면서 다 같이 웃으면서 볼 수 있는 영화들이 꼭 흥행해서 계속 나왔으면 좋겠습니다.,10,2025.01.22. 10:18
히트맨2,"히트맨 보고 계속 기다렸던 히트맨2!코로나때문에 힘들었던 시기를 지나 히트맨2는 제대로 입소문 나 흥행성공해서 3,4 쭉쭉 나오면 좋겠어요.배우들의 캐미와 연기는 물론이고 스토리도 아주 흥미진진!올 설날은 쉬는 날도 긴데 온가족이 다함께 극장 나들이 하는 것도 좋겠네요.",10,2025.01.22. 11:10
히트맨2,ㅋㅋㅋ일단 배우들 조합이 너무 재밌습니다말도 안되는 거 아는데 스토리 자체가 너무 웃겨요솔직히 요즘 어지러운 일들 많은데 가족끼리 웃으며 보기 좋은 영화라 생각해요!!!,10,2025.01.22. 10:48
히트맨2,영화가 재미없었어요..,1,2025.01.23. 13:21
히트맨2,1편이 선녀였다는 사실,4,2025.01.23. 07:27
히트맨2,"히트맨2 HITMAN2, 2025",5,2025.01.22. 12:20
히트맨2,웃기려고 하는데 웃음도 안나오고 유치함..요즘 시대에 어울리지 않는 웃음 포인트..꼭 오래된 코믹 영화를 본거같네요1편은 괜찮았습니다,4,2025.01.23. 16:24
히트맨2,킬링타임용으로 볼만해요 한국형 코믹액션시리즈가 이어졌으면 해서 조금 아쉬움이 있습니다,7,2025.01.23. 10:15
히트맨2,하...인랑은 피했는데...,2,2025.01.23. 13:56
히트맨2,어디서 히트를 쳐야 하나...?,5,2025.01.22. 22:38
히트맨2,솔직히 너무 재미없어요,2,2025.01.23. 13:00
히트맨2,"히트맨2 (HITMAN2), [2025]",5,2025.01.22. 22:22
히트맨2,오랜만에 재밌는 영화 본 것 같아요!배우분들 연기를 너무 잘하셔서 더 재밌게몰입해서 볼 수 있었습니다~~,10,2025.01.22. 11:51
히트맨2,"가볍게 즐길 수 있으면서도 스릴 넘치는 작품으로, 남녀노소가 즐길 수 있는 영화인 것 같아서 재밌었어요! 긴 장과 웃음을 동시에 있어서 시간이 금방 지나갔어요! 현실과 웹툰이 교차하는 독창적인 설정과 박진감 넘치는 액션, 그리고 캐릭터들의 유머 넘치는 케미가 돋보여 좋았습니다 :)",10,2025.01.22. 11:45
히트맨2,전편을 즐기셨다면 이번에도 충분히 웃고 즐길 수 있을 거라 자신합니다. 가족적이고 유쾌한 코믹 액션을 원하신다면 추천드리고 싶어요!,10,2025.01.22. 11:23
히트맨2,오랜만에 웃고 울고 했던거 같아요!! 배우님들이 연기를 너무 잘하셔서 더 집중해서 보았구요~ 시간이 후딱 지나가네요 ㅋㅋㅋ 한번 더 보러 오고 싶어요!! 부담없이 보기 좋아요!! 가족들에게도 추천입니다.!!,10,2025.01.22. 11:21
히트맨2,설연휴에 가족들이랑 다같이 가볍게 즐기면서 볼수 있는 영화네요 재밌게 잘봤습니다~,10,2025.01.22. 11:33
히트맨2,나쁘지 않게 관람했습니다.호불호 심하게 갈릴 것 같네요.,7,2025.01.23. 11:26
히트맨2,,6,2025.01.22. 17:14
히트맨2,스포일러가 포함된 감상평입니다. 감상평보기,7,2025.01.22. 23:56
히트맨2,황우슬혜만 매력적임..,2,2025.01.23. 13:27
히트맨2,관객모독 수준의 저급함. 왜이렇게 악을 쓰냐. 이게 진짜 웃겨요?,2,2025.01.23. 14:25
히트맨2,재미있게 보고왔어요.,10,2025.01.23. 11:06
히트맨2,애니메이션 퀄리티가 생각보다 괜찮고 조화롭게 편집된 오락영화. 개그 타율은 아쉬움,6,2025.01.22. 23:01
히트맨2,1편보다는 재미가 덜 하네요.,8,2025.01.22. 22:20
히트맨2,1보고 너무 재밌어서 2나오자마자 보러 왔는데 역시나 재밌게 봤습니다!!!,10,2025.01.23. 11:21
히트맨2,저는 꽤 재미있게 봤어요 약간 유치할때도 있긴 한데 오히려 그게 제 유머코드랑 잘 맞아가지고 그런가? ㅋㅋㅋ등장인물간의 케미도 좋았고쉬는 김에 바람도 쇨 겸 나와가지고 가볍게 본건데 잘 고른거 같아요.,10,2025.01.22. 12:00
히트맨2,"권상우, 이이경, 정준호 등 유명 배우들의 연기가 정말 멋지고 재미있어요~!! 영화보는 내내 작품에 몰입해서, 흥미진진한 스토리에 빠져들게 되더라구요. 1편도 유쾌하게 봤는데 2편도 역시나 강추입니다^^ 이번 긴 구정 연휴 때 스트레스 풀며 영화보고 싶다면, 히트맨2를 추천합니다~!!♡",10,2025.01.22. 11:58
히트맨2,어처구니 없는 개그만 좀 빼지....볼만하고 재미있었습니다 히트맨2 응원합니다~!!!,10,2025.01.22. 11:14
히트맨2,그나마 애니메이션 나올때가 나름 볼만함.프렌차이즈 욕심에만 앞서서 개연성 없고 유치한 연출과 시나리오로 급조한듯한 영화. 1편이 선녀다.,5,2025.01.23. 00:01
히트맨2,더도 말고 덜도 말고 딱 설날 킬링타임 히트,4,2025.01.23. 02:01
히트맨2,,2,2025.01.22. 13:25
히트맨2,배우들 연기가 한명도 빠짐없이 좋았어요특히 이이경!시간가는 줄 모르고 봤습니다추천 추천,10,2025.01.22. 13:15
히트맨2,요즘 영화 볼만한게없어서 히트맨 보러 다녀왔어요 ^^ 생각없이 웃으면서 보기 좋은 영화임,10,2025.01.22. 13:07
히트맨2,가장 기억에 남는 건 후반부 클라이맥스에서 보여준 준의 성장과 액션 시퀀스였습니다. 웃음과 긴장감을 모두 잡으면서 깔끔하게 마무리한 점이 좋았습니다,10,2025.01.22. 11:18
히트맨2,"세련된 스토리 구성이 훌륭하고, 억지스러운 데 웃기고, 재미와 감동이 있는 독특한 매력이 있는 영화네요^^",10,2025.01.22. 23:30
히트맨2,원작도 재밌게 봐서 후속작 나오자마자 봤어요. 웃느라 시간가는 줄 모르고 재밌게 봤어요 ㅎㅎ 설 연휴에 가족이나 연인끼리 보기 좋을 것 같네여 배우분들 연기도 좋아서 편하게 잘봤습니다.,10,2025.01.22. 11:16
히트맨2,명불허전 역시는 역시 액션1편보다 더 볼만해요,10,2025.01.22. 12:57
히트맨2,난 존나 재밌던데 ㅋㅋㅋㅋ 1보다 재밌는 2편은 오랜만이었음ㅋㅋ계속 낄낄대면서 웃었는데 평이 안좋은 게 신기해,9,2025.01.23. 15:30
히트맨2,"과연 ‘준’은 예언자인가, 테러리스트인가.",6,2025.01.23. 15:26
히트맨2,조금 아쉬운 작품이었습니다,5,2025.01.23. 13:36
히트맨2,스포일러가 포함된 감상평입니다. 감상평보기,1,2025.01.23. 13:29
히트맨2,재밌어요 재밌어요 재밌어요,8,2025.01.23. 09:54
히트맨2,재밌어요 재밌어요 재밌어요,8,2025.01.23. 09:53
히트맨2,신파 같은 분위기랑 난잡한 느낌을 받긴 했지만 킬링 타임 영화로 좋고 아무 생각 없이 보기 좋음 ㅎㅎㅎ 범죄도시 가벼운편 같은 느낌 2편 까지는 괜찮은데 3편이 나오면 글세...?,10,2025.01.23. 15:23
히트맨2,짜임새 있는 스토리에 액션까지 탄탄하네요. 역시나 이번에도 유쾌하고 재밌어요. 천만 가즈아!,10,2025.01.22. 11:50
히트맨2,히트맨1을 보고 너무 재밋게 봐서 히트맨2를 봤는데 너무 재밋게 잘봤습니다. 웃음이 끊이지 않았고 오랜만에 가족들과 다같이 볼수있는 재밋는 영화가 나온것 같습니다. 시간되면 명절에 가족들 모이면 또 봐야겠어요~~^^,10,2025.01.22. 11:40
히트맨2,권상우의 익살스러운 연기 재밌습니다,8,2025.01.23. 01:49
히트맨2,"본가에서 떨어져 살아서 부모님과 시간 보내는게 쉽지 않은데, 간만에 가족영화가 나와서 덕분에 가족들과 좋운시간 보낼 수 있었습니다 권상우가 이렇게 웃긴사람이었는지 이제 알았네요ㅋㅋㅋㅋ이이경은 말할것도 없고 너무 재밌어요ㅋㅋ",10,2025.01.22. 11:57
히트맨2,인스타에서 이이경이 침뱉는거 보고 웃겨서 바로 보러갔는데ㅋㅋㅋㅋ 시간 금방 갔네 진짜 재밌게 봤다 간만에 편안하게 웃으면서 볼 수 있는 영화 보고 나왔음,10,2025.01.22. 11:51
히트맨2,히트맨1 안보고 봤는데 진짜 재밌게 봤네요 할머니랑 장모님이 너무 좋아하셔서 제가 다 행복했습니다 ㅎㅎ,10,2025.01.23. 09:49
히트맨2,히트맨 1 내용이 잘 기억 안 나서 영화볼 때 이해 못 하는 부분이 있으면 어쩔까 걱정했는데 그냥 그런 거 상관없이 너무 재밌게 잘 보고 나왔어요 ㅋㅋ ㅜ 친구는 1을 안 봤는데 오히려 이거 보고 1 봐야겠다 하더라구요 연초부터 큰웃음 주는 영화 보게 돼서 기분이 좋네용 가족이든 친구든 연인이든 누...,10,2025.01.22. 13:55
히트맨2,히트맨1을 너무 재밌게 봐서 2개봉한다고 하자마자봤는데 역시나 너무 재밌네요 가볍게 웃을 수 있어서 너무좋았습니다 3도 기대 해도 될까요? ㅋㅋ 시즌별로했으면 하는 바램입니다 너무 재밌어요,10,2025.01.22. 13:21
히트맨2,설날에 가족이 함께 볼 만한 영화 !이이경 정준호 연기가 찰떡이에요!,10,2025.01.22. 12:05
히트맨2,진짜 오랜만에 영화 보면서 많이 웃었어요 ㅋㅋㅋㅋ 너무 재밌는 코믹영화 개봉한 거 같아서 설 연휴때 가족들하고 다같이 보기에 딱일거 같습니다! 믿고 보는 배우들이니까 다들 꼭 보셨으면 좋겠어요 ㅎㅎㅎ,10,2025.01.22. 11:53
히트맨2,권상우 코믹은 믿고 보는 편. 히트맨1도 재밌게 봤는데 히트맨2도 역시나 재밌음ㅋㅋㅋ 액션신이 화려해서 볼 거리가 넘치고 그냥 정말 웃겨서 친구랑 배꼽잡고 웃었음.. 명절 연휴에 가족끼리 보면 딱 좋은 영화,10,2025.01.22. 11:42
히트맨2,1편보다 더 유치해져서 좀 지루해요,7,2025.01.22. 18:00
히트맨2,히트맨1도 극장가서 재밌게 봤는데.. 2 역시 진짜 재미있습니다ㅎ 킬링타임용으로 진짜 최고의 영화!! 설날에 꼭 가족들이랑 극장에서 보시길 추천합니다. 특히 믿고 보는 코믹액션 배우 권상우.. 진짜 대체불가입니다ㅋㅋ 갠적으로 히트맨3도 나왔으면 좋겠습니다ㅠ 진짜 추천추천,10,2025.01.22. 13:24
히트맨2,"ㅋㅋㅋ허구헌날 어두침침한 젠더, 국뽕영화만 나와서 짜증났는데ㅋㅋ 간만에 기분좋게 실컷 웃다나옴 ㅋㅋ",10,2025.01.22. 13:22
히트맨2,기다렸는데 드디어!!짱재밌어요,10,2025.01.22. 15:42
히트맨2,어떻게 히트쳤는지 신기한 히트맨의 속편,6,2025.01.22. 12:04
히트맨2,너무 재미있게 봤어요~!! 부담 없이 하하호호 웃으면서 볼 수 있는 영화!! 여자친구가 웃음이 없는데 엄청 웃었네요 꼭 보세요~,10,2025.01.22. 15:54
히트맨2,너무 재밌게 봤어용 ㅎ 배우님들 연기 최고 !!,10,2025.01.22. 15:45
히트맨2,어르신들 현장발매용으로 좋은 구시대적 감성을 가진 영화입니다.,6,2025.01.23. 13:56
히트맨2,1보다 별로 ㅠㅠ .. 액션만 남음,6,2025.01.23. 13:42
히트맨2,호불호는 많이 나뉠것 같긴 한데 그냥 가볍게 보기에 괜찮네요~,8,2025.01.23. 11:37
히트맨2,4점은 너무 낮은거같고 6점은 잘준거같아서 한지은 예쁘다!! 더 많이 나오지 아쉽다,5,2025.01.22. 23:04
히트맨2,가볍게 보기 좋은 팝콘무비,9,2025.01.22. 13:53
히트맨2,1편보고 재밌어서 또 보러 갑니다,10,2025.01.22. 11:38
히트맨2,킬링타임으로 괜찮은 영화ㅎ,8,2025.01.23. 01:03
히트맨2,아진짜 개웃기다고요..권상우표 개그 완전 취저ㅋ아니 호불호 많이 갈린다고 하는데 난 ㅈㅉ 개 취향이네 ㅋ 웃겨서 여운이안가심가둬놓고 권상우 코믹영화만 시키고싶음,10,2025.01.22. 13:31
히트맨2,가볍게 웃고 싶을 때 보기 좋은 영화.. 1편보다 재밌게 봄. 연출이 신선해요.ㅋㅋ,10,2025.01.22. 12:35
히트맨2,"히트맨1 보다 재밌을까? 기대 반 걱정 반 하는 마음으로 들어가서 봤는데 와우,, 오랜만에 영화 티켓 값이 아깝지 않았습니다. 특히 주연급 세명의 케미는 여전했습니다 ㅋㅋ 가족 영화로 추천추천!!",10,2025.01.22. 14:23
히트맨2,"1을 극장에서 직접 봤었는데 2가 나올 줄은 몰랐어요! 배우들이 1편에서도 합을 맞춰서 그런지 코믹 연기가 훨씬 자연스럽고 웃겼습니다ㅋㅋㅋㅋ 2도 잘되면 3, 4 이렇게 그냥 권상우 코믹 시리즈물로 계속 나왔으면 좋겠어요~",10,2025.01.22. 14:07
히트맨2,스트레스 짜악 풀리네요,10,2025.01.22. 13:52
히트맨2,부모님이랑 보기 딱 좋은 영화입니다 ㅋㅋㅋ가족 영화로 완전 강추!!오랜만에 실컷 웃다가 나왔습니다 권상우 개그 역시 취향 저격쓰 남자친구랑도 같이 보려구요,10,2025.01.22. 13:31
히트맨2,"간만에 가족들이랑 웃으면서 볼수있는 영화였어요! 연출도 좋고 재밌게 봤습니다!!! 설연휴에 가족,지인과 볼수있는 영화로 추천합니다!",10,2025.01.22. 12:00
히트맨2,전작을 재밌게 봐서 개봉하자마자 보고 왔네요ㅎㅎ 후속작은 많이 기대 안하고 보는데 기대 이상으로 재밌어요!! 배우님들 고생하셨고 대박 나세요~,10,2025.01.22. 11:54
히트맨2,내용 연기 모두 좋았어요.,10,2025.01.22. 14:10
히트맨2,오랜만에 실컷 웃다가 나왔어요! 부모님 모시고 가서 또 보려고요 요즘같이 힘든 시기에 딱인 영화입니다ㅠㅠ!! 다들 꼭 보시길!!,10,2025.01.22. 13:33
히트맨2,개욱겼다보단 어느순간 보면 계속 웃고 있음. 오히려 힐링돼서 너무 즐거웠던 영화.,10,2025.01.23. 01:17
히트맨2,1편보다 더 재밌게 봤어요,10,2025.01.23. 00:52
히트맨2,"오랜만에 편하고 재밌게 볼 수 있던 영화라 좋았어요!!!넘 웃기고 권상우 아직도 잘생김,,ㅠㅠ",10,2025.01.22. 17:04
히트맨2,"히트맨1 보고 2도 기대하고 있었는데, 1보다 더 재밌게 잘 봤습니다ㅎㅎ 설 연휴에 가족들이랑 한번 더 보고 싶은 영화에요!!!",10,2025.01.22. 14:26
히트맨2,"엄마가 1,2다 봤는데 재밌대요 3탄도 있었으면 좋겠다고 하네요. 저도 궁금해서 봐야겠어요",10,2025.01.22. 23:57
히트맨2,히트맨 1도 너무 재밌게 봤는데 2로 개봉해서 너무 재밌게 봤어요 ㅎㅎ 오랜만에 스트레스 풀수있게 나온 영화라 너무 좋았어요 영화 끝날때까지 재밌게 보고 나왔습니딩 !,10,2025.01.22. 13:32
히트맨2,유쾌하게 보기 좋은 영화였어요!배우들끼리 케미가 잘 보입니다!,10,2025.01.22. 15:55
히트맨2,히트맨2.. 전 너무 재밌게 봤습니다!액션이 너무 좋았고 몰입도도 너무 좋았습니다배우들의 연기도 충분히 빠져들기 좋았던?아주 좋은 영화였습니다!,10,2025.01.22. 15:48
히트맨2,영화 잘 봤습니다~ㅎㅎ,7,2025.01.23. 07:42
히트맨2,HITMAN2HITMAN2,6,2025.01.22. 22:50
히트맨2,6.5점을 주고 싶었는데 소수점은 반영이 안 돼서 7점으로 함. 영화 이야기를 하자면 사실 개연성이 높을 수가 없는 영화라서 그냥 “아 그랬구나!” 하고 일단 넘어가면 크게 거슬리지는 않음. 보다가 피식 피식 하는 장면들은 좀 있는데 전작에 비해 빵 터지는 건 별로 없었던 거 같음. 에펨코리아에 후기글...,7,2025.01.23. 03:03
히트맨2,무난하게 볼만한영화.,6,2025.01.23. 00:18
히트맨2,한국 특유의 코미디 영화를 좋아한다면 추천합니다 2000년대 그 느낌이 나네요,7,2025.01.22. 23:26
히트맨2,1편보단 별루지만 꽤 웃겨요,8,2025.01.22. 21:06
히트맨2,,7,2025.01.22. 13:18
히트맨2,"배우들의 연기력과 액션 실력이 뛰어나요. 매 장면마다 몰입감 넘치는 연기로 관객을 사로잡고, 액션 장면에서는 강렬한 카리스마를 발산하며 눈을 뗄 수 없게 만듭니다!! 시간가는 줄 모르고 봤어요.",10,2025.01.22. 12:56
히트맨2,오락물로 즐기기에 괜찮았어요,10,2025.01.23. 07:06
히트맨2,예고편 보고 재밌어보여서 관람했는데 기대만큼이나 너무 유쾌하고 재밌었습니다 ㅎㅎ,10,2025.01.22. 22:50
히트맨2,처음부터 끝까지 웃은 영화는 정말 오랜만에 봤어요ㅠㅠ 히트맨1도 재밌게 봐서 2도 나름 기대하고 봤는데 정말로 기대한거보다 더 웃겼습니다ㅋㅋㅠ 배우들 연기력도 탄탄해서 그런지 어색함 1도 없이 재밌게 잘 봤습니다. 부모님과 같이 보러간건데 과묵했던 아빠가 정말 많이 웃으셨어요ㅋㅋㅋ 누굴...,10,2025.01.22. 14:16
히트맨2,이번 편도 시간 순삭 당함ㅋㅋㅋ권상우배우님 찐팬됨오랜만에 재밍있는 영화 봐서 스트레스 풀렸음재미만 있는 줄 알았는데 액션도 좋았음 갠적으로 한 번 더 볼 거임,10,2025.01.23. 09:46
히트맨2,"히트맨2""는 액션과 코미디가 완벽하게 결합된 재미있는 영화입니다. 권상우와 이이경의 찰떡 호흡이 돋보이고, 예측할 수 없는 전개와 유쾌한 웃음이 가득합니다. 가족과 함께 보기 좋은 영화로, 설날에 즐기기 안성맞춤!",10,2025.01.22. 18:05
히트맨2,비빔밥처럼 맛있는 영화. 편안하고 재밌었어요 :),10,2025.01.22. 14:51
히트맨2,1보고나서 너무 재미있어서 봤는데 역시 2도 실망시키지 않네요! 너무 재미있었습니다!,10,2025.01.22. 14:45
히트맨2,"1도 재밌었는데 2는 진짜 완전 기대이상..증말 재밌게 보고 가요가족들이랑 보기 너무 좋을거 같고..개그,감동 다 잡은듯",10,2025.01.22. 14:35
히트맨2,권상우 영화 역시 믿고 봅니다.이번껀 개인적으로 1보다 훨씬 재밌네요 ㅋㅋ 무조건 보세요 ㅎ,10,2025.01.22. 14:32
히트맨2,1은 안보구 2먼저 봤는데 너무 재미있어요!ㅋㅋㅋ 집가서 1도 다시 봐야겠어요 ㅋㅋㅋ 강추합니다!!,10,2025.01.22. 14:27
히트맨2,진짜 시작부터 끝까지 놓칠 틈이 없음ㅋㅋㅋ 이번엔 진짜 작정하고 웃기려고 만든거같은데 배우들 케미가 좋아서 영화관에서 내주변도 다 빵터짐 코미디류 좋아한다면 강추함,10,2025.01.22. 14:06
히트맨2,나는 히트맨 1을 재밌게 봤다. 나는 새해맞이로 웃으면서 가볍게 보기 좋은 영화를 찾는다.면? 무조건 강추함ㅋㅋㅋㅋ이번 설 연휴도 긴데 뭐하지..싶고 요새 웃을 일도 적다면 히트맨으로 웃음충전 레츠고!,10,2025.01.22. 14:06
히트맨2,배우들 케미 진짜 미쳤고 너무 재밌어서 설 연휴에 가족들이랑 또 보려고 합니다ㅋㅋ,10,2025.01.22. 14:02
히트맨2,"최근 진지한 영화들만 보다, 오랫만에 스트레스 확 풀리는 영화를 만났네요요즘 스트레스가 많았는데 정말 마음놓고 웃고 즐기고 나올 수 있었습니다ㅋㅋㅋ 히트맨 3도 기대되네요ㅎㅎ",10,2025.01.22. 14:01
히트맨2,웃음사냥할려고 작정하고 만든영화임ㅋㅋㅋㅋB급감성유머코드가 완전 내스타일이어서 내내 웃다보니 영화가 끝나있었음 ㅋㅋㅋ시간순삭당함ㅋㅋㅋㅋ특히이이경배우 진짜 너무 웃기고 연기 너무 잘함 이번 설연휴에 가족들이랑 봐도 너무 좋을듯 추천!! :),10,2025.01.22. 12:46
히트맨2,가족들과 연휴에 보기 좋은 영화네요!! 다들 연기도 잘해서 재미나게 봤습니다이이경배우가 진짜 웃겨요 ㅋㅋ,10,2025.01.22. 12:40
히트맨2,히트맨 1에 비해 스케일도 커지고 이야기도 더 풍부해진 거 같아요!! 너무 웃겨서 눈물났습니다 ㅋㅋㅋ,10,2025.01.22. 12:05
히트맨2,시간 떼우려고 급 예매해서 보게 됨. 생각 없이 보러 간건데 .. 기대 이상으로 많이 웃고 나온 영화 ㅎㅎ 추천합니다,10,2025.01.22. 12:03
히트맨2,너무너무 즐겁게 보았습니다!ㅎㅎ 복잡한 생각없이 즐겁게 웃으면서 볼수있는 코믹영화를 찾는다면 정말 강추합니다! 히트맨1을 너무 재미있게 본기억으로 예매하여 이번에 개봉한 히트맨2도 예매하여서 관람 하였는데 정말 대만족 입니다!!,10,2025.01.22. 12:01
히트맨2,히트맨2 잘 보았습니다,8,2025.01.22. 15:20
히트맨2,진짜 너무 재밌어요! 설날에 가족이랑 또 보러구여 ㅎㅎㅎ 영화 보는 내내 웃었더니 행복해지네요 ㅎㅎ,10,2025.01.22. 15:06
히트맨2,"역시 권상우 코믹은 여전히 재밌네요, 유쾌하게 즐겼습니다!",10,2025.01.22. 15:05
히트맨2,1을 너무 재밌게 봤는데 2도 역시 기대만큼 재밌었습니다~! 설연휴에 부모님과 같이 볼 영화로 강력 추천합니다!,10,2025.01.22. 14:59
히트맨2,1편에 이어 2편까지...ㅋㅋㅋㅋ 오랜만에 재밌는 코믹영화였습니다!!!가족들이랑 같이 보시기 강츄입니댜~,10,2025.01.22. 14:54
히트맨2,애니메이션도 꽤 고퀄이고 배우들 연기 웃겨 미침ㅋㅋㅋ정준호 이이경 케미는 예상했는데 권상우도 이정도로 웃기다고??ㅋㅋㅋ가족들이랑 같이 또 보러가야징,10,2025.01.22. 14:54
히트맨2,이번편 완전 레전드 권상우 이이경 코미디 완전 내스타일 ㅠㅠ,10,2025.01.22. 14:52
히트맨2,아니 내 기억속에 소라게 아저씨가 원래 이렇게 쌈뽕하게 잘 싸우는 아저씨였다는 걸 새삼 다시 깨달음ㅋㅋㅋ 1편 봤으면 반가울 요소들도 곳곳에 있고 이순원 짱,10,2025.01.22. 14:49
히트맨2,영화 잘봤습니다 영화 잘봤습니다,8,2025.01.23. 15:01
히트맨2,전편보다는 조금 부족한듯하지만 잘 봤습니다,6,2025.01.23. 13:57
히트맨2,너무너무 유치한데 어르신들은 좋아하시네요,6,2025.01.23. 13:33
히트맨2,재밌게 잘 보았습니다~!,8,2025.01.23. 00:45
히트맨2,기대한 정도의 적당한 즐거움,6,2025.01.22. 12:31
히트맨2,유치하다. 하지만 재밌다.,7,2025.01.23. 00:26
히트맨2,"1편을 보지는 못했지만 액션 장면은 볼 만한데 허술한 스토리, 산만한 전개, 생뚱맞고 불필요한 장면들과 캐릭터들, 과장된 연기, 식상한 개그 코드 등 많은 아쉬움을 남기네요.",7,2025.01.22. 21:50
히트맨2,딱 코믹액션 영화ㅋㅋ 잘봤어요,9,2025.01.22. 21:06
히트맨2,좀더 다듬어서 괜찮은 코믹액션 시리즈물이 되었으면 좋겠어요.,7,2025.01.22. 23:02
히트맨2,좀 유치한 코미디 좋아하시는분들에게는 확실히 재미있을거같습니다,9,2025.01.22. 14:36
히트맨2,가볍게 볼만하고 황우슬혜는 여전히 존예 설 연휴에 가볍게 볼만한 영화 세명 케미가 미쳤음,8,2025.01.22. 13:40
히트맨2,연기의 군계일학은 김성오였다.,8,2025.01.22. 23:05
히트맨2,기대 없이 보러 가서 그런지 재미있었어요 가볍게 보기 좋아요,6,2025.01.22. 20:54
히트맨2,역시 믿고 보는 배우들 입니다. ㅋㅋ 히트맨1을 너무 재밋게봤어가지구 오늘 연차여서 보고왔는데 재밌게 봤습니다. 웃을일이 없는 요즘 설날에 가족영화로 강추 입니다.,10,2025.01.22. 13:07
히트맨2,너무너무너무 재미있어요.,10,2025.01.22. 23:10
히트맨2,짠한형나온거보고 배우들 캐미좋아보여서 봤어요!가볍게 보기 좋아요. 너무 머리 쓸 필요 없이 딱 팝콘먹으면서 웃으면서 보고 나왔습니다,10,2025.01.22. 17:23
히트맨2,감사합니다 잘봤습니다,10,2025.01.23. 17:09
히트맨2,배우들 코믹연기 좋아요,8,2025.01.23. 16:18
히트맨2,엔딩곡 좋았어요 소년만화깔,6,2025.01.23. 15:29
히트맨2,가족들과 연휴에 보기 좋은 영화에요.,10,2025.01.23. 08:01
히트맨2,"히트맨1을 너무 재밌게봤어요♡♡히트맨2도 구우우웃2의 감동으로, 1을 다시 주행하고싶어졌어요~ ㅋㅋ권상우님 말대로 히트맨 3에서 봅시다강추!",10,2025.01.22. 21:56
히트맨2,재미나게 잘봣어요 ^^,8,2025.01.22. 14:08
히트맨2,나 히트맨1을 안봤는데 이거보고 1편도 찾아 봄 ㅎ 설에 가족들하고 즐겁게 보기 좋은 스낵무비입니다~ ㅎㅎㅎ,10,2025.01.23. 14:46
히트맨2,가족들이랑 간만에 좋은시간 보낸거같아요ㅋㅋㅋ 늘 옥상에서 날라다니는 권상우~~ 재미있게 봤습니당ㅋㅋ,10,2025.01.22. 19:54
히트맨2,1편보고 2편 기다렸는데!! 기다린 만큼 넘 재밌다 ㅋㅋㅋㅋ 가족이랑 보기 좋을듯 ㅠ 설연휴에 다시 보려고요,10,2025.01.23. 17:12
히트맨2,어른들은 혹시 좋아하실수도 있어요,8,2025.01.22. 21:13
히트맨2,킬링타임용으로 괜찮았어요 연휴에 가족이랑 보면 좋을 것 같아요,8,2025.01.23. 13:39
히트맨2,진짜 권상우만의 액션과 감초 이이경 너무 좋다. 진짜 설에 가족들과 가볍게 보러 가면 너무 좋을 영화 강추!!,10,2025.01.22. 14:45
히트맨2,진짜 배터지게 웃으면서 봤습니다!!!영화 내내 웃음참느라 힘들었어요 ㅎㅎㅎ,10,2025.01.22. 23:19
히트맨2,숏츠보다 영화까지 봤는데 연기들이 왜이리 찰떡인지!!너무 재밌게봤네여! 추천,10,2025.01.22. 22:27
히트맨2,"이이경이랑 케미도 너무 좋고, 권상우 액션도 살아있고 정준호도 개그감 죽지 않았네요. 요즘 시국도 그렇고 우울한 일이 많아서 다운되어있 었는데, 히트맨2 덕에 기분전환한것 같네요",10,2025.01.22. 13:44
히트맨2,남자친구랑 같이 보고왔는데 남친도 엄청 재밌어했고 저도 너무 재밌게보고왔습니다!!!! 이이경님 이렇게 웃긴지 몰랐는데ㅋㅋㅋㅋ 완전 팬됐어요ㅠㅠㅠ 시즌3도 기대하겠습니다!!!,10,2025.01.22. 13:31
히트맨2,와아..1편보다 더더더 재밌쟈냐ㅠㅠㅠ후속편은 재미없다는 인식을 뒤집어버린 영화입니다!!기존 캐릭터도 잘 살린게 너무 좋았어요!같은 장면에서 관객들이 다같이 웃으니까 더 재밌었습니다ㅎㅎ오랜만에 배꼽빠지게 웃었네요코믹영화보고 ’진짜 미친듯이 웃겼다‘라는 평만큼 극찬이 또 있을까 싶습니...,10,2025.01.22. 12:43
히트맨2,"영화를 오랜만에 보러왔습니다! 요즘 머리가 복잡해 가볍게 볼만한 영화가 필요했는데 마침 1을 재밌게 봤던 히트맨2 개봉한다길래 첫타임으로 보고왔어요. 영화보면서 신나게 웃고 왔습니다! 배우들 연기는 뭐 말할것도없구, 가족들끼리 명절에 다시와서 보고싶네요!",10,2025.01.22. 12:06
히트맨2,여러분 이건 진짜 꼭 보세요.정말 간만에 영화다운 영화를 봅니다.코믹.액션.감동 빠지는게 없는 10점만점에 20점짜리!시간가는줄 모르고 봤어요.,10,2025.01.23. 14:56
히트맨2,이이경만 나오면 웃겨요 ㅠㅠ,10,2025.01.22. 17:58
히트맨2,히트맨 1보다 훨씬 재밌어요! 시간 가는줄 모르고 너무 재미있게 봤네요ㅎㅎ 배우들도 연기를 너무 잘하셔서 엄청 몰입해서 봤습니다!,10,2025.01.22. 14:52
히트맨2,히트맨1도 재밌게 봤는데 2도 역시나 재밌네요 킬링타임용으로 좋고 요즘 볼 거 없었는데 너무 즐거웠어요 오랜만에 깔깔거리며 웃었네여,10,2025.01.22. 15:25
히트맨2,히트맨1도 재미나게 봐서 나오자마자 바로 봤는데 너무 재미나게 봤습니다. 권상우님도 여전하시고 저는 황우슬혜님이 제일 웃긴거 같아요 ㅋㅋ 뭔가 그 황우슬혜님만의 개그코드가 저랑 너무 잘 맞아요 ㅋ 김성오님의 살벌한 눈빛 연기도 좋았습니다. 시리즈 별로 안좋아하는데 히트맨3가 기대됩니다.,10,2025.01.22. 15:23
히트맨2,ㅋㅋㅋㅋ진짜 생각없이 웃었습니다 재밌어요~,10,2025.01.23. 08:15
히트맨2,유치하긴하지만 재밌어요,8,2025.01.22. 12:20
히트맨2,믿고 보는 출연진들로 오랜만에 가볍고 즐겁게 볼 수 있는 영화입니다! 후속도 기다리게 되네요ㅋㅋㅋ,10,2025.01.22. 14:08
히트맨2,스포일러가 포함된 감상평입니다. 감상평보기,10,2025.01.22. 19:28
히트맨2,킬링타임으로 너무 좋고 유쾌하다!!,10,2025.01.22. 19:03
히트맨2,엄청 재미있어요 흥행하면 좋겠어요,10,2025.01.22. 17:58
히트맨2,재밌게 잘 봤습니다ㅎㅎ,5,2025.01.22. 17:07
히트맨2,"최근에 스트레스 받는 복잡한 내용 보기 힘들었는데, 가볍게 볼 수 있어서 좋았습니다. 연휴에 가족들이랑 봐도 좋을 거 같아요!",10,2025.01.22. 16:42
히트맨2,감독님 프로필 사진부터 안재밌을수가 없다한참 웃다 나왔어요 이이경 얼굴만봐도 웃기다 이제 ..,10,2025.01.22. 14:48
히트맨2,간만에 보는 재밌는 영화...!! 완전 재밌게봤어요.배꼽 빠지는 줄 ..3도 기대 되네요ㅋㅋㅋㅋ믿고 보는 권상우..굿굿,10,2025.01.22. 14:47
히트맨2,??????sns에서 짤막하게 돌아다니는 영상 보고 바로 예매하고 관람했습니다ㅎㅎ 유명한 배우분들 많이 나오셔서 연기도 최고 영화 보실 때 꼭 휴지 들고 가세요!!!!,10,2025.01.22. 14:39
히트맨2,1편도 재미있게 봤었는데 2편도 기대 이상이에요 몰입감도 연기력도 너무 좋았던 영화 가족들과 설연휴에 다같이 봐도 재미있을 것 같아요 추천합니다! ㅎㅎ,10,2025.01.22. 14:38
히트맨2,울다 웃다가 미쳐버리는 줄 알았습니다ㅜ 넘 재밌어요 ㅜㅜ 역시 믿고 보는 배우들!!! 친구랑 봤는데 가족들이랑 봐도 잼날 것 같네영 완전 굿,10,2025.01.22. 14:37
히트맨2,내내 지루하지 않고 재밌었어요 추천합니당,10,2025.01.22. 16:04
히트맨2,영화 정말 재밌었습니다 감사합니다 잘봤습니다,10,2025.01.22. 16:04
히트맨2,히트맨1을 너무 재밌게 본지라 기대하고 봤는데역시나 너무 재밌어요ㅠㅠㅋㅋ지난번 남편이랑도 잼께 본 영화라ㅎㅎ 2 나오길 기다렸었어요역시 다들 연기 넘 잘해요ㅋㅋ설에 부모님도 재밌게 보고 오시라고영화 예매도 해두었습니다ㅎㅎ 간만에 영화관에서 웃으면서 봤습니다ㅋㅋ,10,2025.01.22. 15:15
히트맨2,뇌 빼놓고 웃고 싶은 사람들 추천!간만에엄청 웃으면서 영화봤네요 ㅎㅎ,10,2025.01.22. 15:13
히트맨2,간만에 보는 유쾌한 영화네요ㅎㅎㅎ박장대소하느라 시간가는줄 모르고 봤습니다.,10,2025.01.22. 14:49
히트맨2,가족끼리가서 오랜만에 생각없이 깔깔 웃다왔음ㅋㅋㅋ다들 연기를 너무 잘해서 더 웃겼던듯 이거 가족끼리 보기엔 진짜 강추합니다,10,2025.01.22. 19:46
히트맨2,1보고 재밌어서 2보러왔어요~아니나다를까 후회없는 선택 !즐 감상 했습니다 ㅎㅎ,10,2025.01.22. 16:24
히트맨2,ㅈ거미있는영화 히트맨2정말재밌다,10,2025.01.22. 15:49
히트맨2,정말 오랜만에 볼만한 명절 가족영화 1보다 볼거도 많고 출연진들이 재미보장다들 가서 봐보세요 ㅋㅋ,10,2025.01.22. 16:55
히트맨2,역시 히트맨은 믿고보지다보러오세여재밌엇습니다,10,2025.01.22. 15:41
히트맨2,영화관에서 이렇게 크게 웃어도 되나 싶을 정도로 열심히 웃다 온 영화는 첨이다ㅋㅋㅋ 히트맨1 생각보다 넘 재밌게 봐서 2 개봉하자마자 봤는데 진짜 웃기네 ㅋㅋㅋ 가영이 현실캐가 많이 커버려가지고 사춘기 느낌 더 나서 딸바보 아빠 모먼트 권상우가 더 웃김 ㅋㅋㅋ 설에 개봉하니까 엄빠랑 같이 또 ...,10,2025.01.22. 15:34
히트맨2,진짴넘 재밌게 본 영화! 최근 본 영화중에 젤 웃기고 재밌었어요ㅋㅋㅋㅋ 연휴에 가족들이랑 또 보고싶어용ㅎㅎㅎ 출연진 조합도 신선한데 너무 찰떡 배역임!! 요즘 지쳐있었는데 활력 돋네요!!,10,2025.01.22. 15:31
히트맨2,그냥 아무 생각없이보면 낫배드,7,2025.01.23. 12:14
히트맨2,영화 히트맨2 잘 봤습니다.,6,2025.01.22. 22:21
히트맨2,"아재개그 남발 , 삽입 애니 퀄은 좋음",7,2025.01.22. 21:57
히트맨2,히트맨 히트맨 히트맨 히트맨,2,2025.01.22. 09:08
히트맨2,히트맨 히트맨 히트맨 히트맨,2,2025.01.22. 09:05
히트맨2,히트맨1 을 워낙 재미있게 봐서 2편도 기대하고 봤는데 자연스러운 웃음 포인트들이 있어서 재밌어요 ㅋ 범죄도시처럼 1편 안봐도 2편 무리없이 볼 수있어요,10,2025.01.22. 22:29
히트맨2,"1편과 유사하고 유치하지만, 만화를 이용한 연출이 인상적이었다. 액션은 다소 난해한 장면도 있지만 볼 만하다. 가볍게 보기 좋은 작품.",7,2025.01.22. 21:54
히트맨2,1보다 2가 스토리 더 탄탄한거 같네요 ! 재밌게 보고 왔습니다~ !!,10,2025.01.22. 14:43
히트맨2,"1편 재밌게 봐서 개봉일에 봤는데, 2편도 재밌었어요! 가볍게 보기 좋은 스토리고, 개그 코드도 맞아서 웃긴 부분도 많았습니다. 설날 연휴에 가족들이랑 보면 딱 좋을 거 같아요.",10,2025.01.22. 17:25
히트맨2,가볍게 보기 좋았어요 나 지금 X나 쪽팔려 하는 황우슬혜님 너무 웃겼습니다,8,2025.01.23. 08:02
히트맨2,편하게 웃으면서 보고 왔습니다,7,2025.01.22. 17:47
히트맨2,1편보다 2편이 더 재밌네요 ㅎㅎ,8,2025.01.22. 22:04
히트맨2,오랜만에 가족들과 볼만한 영화라 추천합니다.ㅎㅎㅎㅎ가볍게볼만한데 너무 웃기네요,10,2025.01.22. 14:41
히트맨2,1편도 재밌었는데 2편도 재밌네요,10,2025.01.22. 16:41
히트맨2,1도 재밌게 봤는데 2가 더 재밌는 것 같아요.,10,2025.01.22. 16:59
히트맨2,"웃느라 정신 없었네요. <히트맨1>이 재미있어서 <히트맨2> 개봉한단 소식에 기다리고 있었는데, 남녀노소 누구나 보기 편한 작품이어서 좋았습니다. 애니메이션 장면 퀄리티 좋아요~~~~ 우리의 암살요원 준 화이팅!!",10,2025.01.22. 16:25
히트맨2,와 ㅋㅋㅋㅋ진짜 1보다 훨씬재밌음요다들 꼭보세여ㅋㅋㅋㅋ 가족들이랑 간만에 웃겨뒈짐,10,2025.01.23. 07:30
히트맨2,"어머니와 재밌게 봤어요완전 10점 줄만큼 재밌거나 작품성 있는 건 아니고 7,8점 정도는 줄만합니다.영화관에 사람이 많으면 좀 더 재밌을 것 같네요.",8,2025.01.22. 22:13
